<?xml version="1.0" encoding="UTF-8"?>
<project-private xmlns="http://www.netbeans.org/ns/project-private/1">
    <editor-bookmarks xmlns="http://www.netbeans.org/ns/editor-bookmarks/2" lastBookmarkId="0"/>
    <open-files xmlns="http://www.netbeans.org/ns/projectui-open-files/2">
        <group>
            <file>file:/C:/Users/Anilz/OneDrive/Documents/NetBeansProjects/Cluedo_Board_Game/src/cluedo_board_game/Board.java</file>
            <file>file:/C:/Users/Anilz/OneDrive/Documents/NetBeansProjects/Cluedo_Board_Game/test/cluedo_board_gameTest/BoardTest.java</file>
            <file>file:/C:/Users/Anilz/OneDrive/Documents/NetBeansProjects/Cluedo_Board_Game/src/cluedo_board_game/Tile.java</file>
            <file>file:/C:/Users/Anilz/OneDrive/Documents/NetBeansProjects/Cluedo_Board_Game/src/cluedo_board_game/Pawn.java</file>
        </group>
    </open-files>
</project-private>
